1,18797
2,187C7
3,187BC
4,17D37
5,17007
6,17D3C
7,17D64
8,17000
9,17108
10,1710A
11,17D3D
12,17D4F
13,17005
14,1702B
15,17365
16,17148
17,1700F
18,17028
19,1711B
20,17D58
21,17D5A
22,17D55
23,17D72
24,1820B
25,1700D
26,17004
27,17111
28,17366
29,17D48
30,17001
31,1879D
32,170FF
33,17D47
34,17D53
35,17015
36,184EC
37,17D30
38,17003
39,187D7
40,17D3E
41,17D4B
42,1701B
43,1701C
44,17024
45,187CB
46,187C0
47,17D45
48,1702D
49,17109
50,1701F
51,17D54
52,1710B
53,17D73
54,17D38
55,17D63
56,1700E
57,17023
58,17D71
59,17D33
60,17D49
61,17100
62,17D31
63,187C5
64,17104
65,17006
66,17009
67,17011
68,17012
69,17016
70,17018
71,17D32
72,17D40
73,17D6F
74,17E15
75,1766C
76,17101
77,17029
78,17D70
79,1711C
80,1700B
81,17110
82,17019
83,17D43
84,17020
85,1702A
86,17114
87,17008
88,17025
89,17014
90,1701D
91,1702E
92,17D3A
93,17D66
94,17112
95,17021
96,184A1
97,17027
98,17D57
99,1702F
100,18229
101,17002
102,1821A
103,17D44
104,1700A
105,17D3F
106,17D5E
107,17D68
108,17113
109,17D6B
110,17D3B
111,17D42
112,17367
113,17D46
114,17D6A
115,17D5D
116,1700C
117,1702C
118,187C3
119,17D4D
120,17D69
121,17D6E
122,1820C
123,17116
124,17D35
125,17D4A
126,17D6C
127,17D39
128,17D4E
129,17D59
130,17D65
131,17D56
132,17115
133,17D5C
134,17D62
135,17D6D
136,17D67
137,17D5B
138,17D60
139,17D50
140,17D34
141,1820A
142,1710E
143,17010
144,17D5F
145,17017
146,17D61
147,17013
148,1701E
149,17D4C
150,18527
151,18790
152,17D52
153,17D41
154,17D51
155,17DAE
156,18779
157,17DE0
158,17620
159,1811C
160,18219
161,17665
162,17639
163,180FA
164,17657
165,17655
166,18107
167,177F5
168,177F7
169,18604
170,18713
171,1861B
172,18684
173,175DB
174,17C19
175,17C1F
176,17C1E
177,17674
178,17658
179,17E49
180,177FC
181,170D2
182,17648
183,18106
184,17E22
185,17E34
186,181D7
187,184BA
188,184BE
189,181AF
190,17DE6
191,181B0
192,181C9
193,18222
194,181AE
195,17D9B
196,184A7
197,18526
198,17E3C
199,17E44
200,18695
201,1763A
202,17638
203,1765E
204,17E43
205,1764A
206,17801
207,175D5
208,17E3B
209,17653
210,187C1
211,17E4A
212,181A4
213,17D9A
214,1852B
215,18223
216,1819E
217,17DDE
218,175D4
219,17379
220,17E40
221,18105
222,17637
223,1764C
224,1766D
225,1810B
226,177F3
227,177FD
228,18605
229,175D3
230,184F0
231,184F8
232,18224
233,1819F
234,181BF
235,18716
236,17E3F
237,186A3
238,181C1
239,180FE
240,1847E
241,18480
242,1847F
243,17878
244,17CDB
245,17CE1
246,1845D
247,18473
248,185F2
249,18702
250,1850F
251,1862B
252,18632
253,18729
254,1873D
255,185EB
256,17E20
257,1760D
258,180F0
259,18174
260,18510
261,1862E
262,18789
263,18688
264,1873E
265,1869A
266,17355
267,1760F
268,1863B
269,1734B
270,17345
271,17860
272,17873
273,1814A
274,18169
275,17CE3
276,17E31
277,1847D
278,1863A
279,17675
280,1734C
281,1734D
282,17272
283,1767E
284,1821D
285,17601
286,17603
287,18168
288,1865B
289,17341
290,1734A
291,17356
292,17615
293,17863
294,175FE
295,1814F
296,18654
297,18666
298,1851C
299,1847A
300,18200
301,18746
302,1786F
303,17CE2
304,1862F
305,1815D
306,177EB
307,185FF
308,1869F
309,17361
310,184E9
311,175F4
312,1813A
313,17353
314,18630
315,18479
316,17E18
317,17E1E
318,1760A
319,17617
320,17861
321,17D7C
322,18626
323,18631
324,18687
325,17354
326,17350
327,17276
328,1739B
329,17678
330,1821E
331,1811B
332,1760E
333,1814B
334,187B7
335,17399
336,17C35
337,187BA
338,1733C
339,18614
340,1786C
341,1865A
342,1816F
343,1817B
344,18123
345,18175
346,17D7B
347,1786D
348,17D93
349,18132
350,18150
351,18525
352,181FA
353,1862C
354,1864E
355,181FB
356,18610
357,17870
358,17346
359,1785E
360,1814C
361,1813C
362,18686
363,18514
364,17676
365,1724F
366,17277
367,173A4
368,17681
369,17E38
370,18464
371,1735D
372,1724D
373,187E2
374,17CDC
375,18627
376,18650
377,17342
378,17CEE
379,17609
380,185F8
381,1850E
382,18703
383,18705
384,17E29
385,1862D
386,18639
387,18461
388,17CF1
389,180F4
390,17C38
391,18182
392,17CF2
393,17C3E
394,17C45
395,17C46
396,17CFA
397,17CFC
398,180F6
399,180F7
400,181E7
401,181EA
402,17CFB
403,17DEE
404,1846B
405,17C3D
406,17E08
407,17E08
408,17DF6
409,17DFA
410,17E03
411,17CF4
412,17DF5
413,18210
414,18471
415,17E0D
416,18701
417,1846A
418,184B6
419,17C4D
420,1870B
421,1870C
422,17DEF
423,17DF4
424,17DFB
425,17E13
426,1723B
427,175BD
428,17581
429,1758F
430,175BE
431,17247
432,1758B
433,175B5
434,1759B
435,1759F
436,175B4
437,175B0
438,175C4
439,17241
440,17242
441,175B6
442,185FC
443,18672
444,17578
445,1757A
446,175C5
447,17582
448,1758C
449,181F4
450,175C0
451,1867A
452,175BF
453,17248
454,1758E
455,17580
456,17579
457,1758A
458,18674
459,18673
460,18675
461,17590
462,1759C
463,17CC5
464,17D00
465,17E53
466,17CC7
467,17E59
468,17D03
469,18233
470,18777
471,17CCB
472,18236
473,17E4F
474,17E57
475,17DA4
476,187BF
477,187BD
478,17C16
479,1861C
480,1761E
481,177F6
482,17E21
483,184A5
484,17DE1
485,17E3A
486,17378
487,187E4
488,181D6
489,184ED
490,18622
491,17C13
492,17670
493,17E39
494,180FB
495,18101
496,180F8
497,18714
498,17652
499,17C1D
500,18129
501,18607
502,184CA
503,17380
504,175D6
505,180FC
506,17800
507,184CC
508,187C2
509,175DC
510,184FA
511,1877D
512,187CC
513,17DE5
514,17D99
515,1821F
516,181A1
517,181DD
518,181E0
519,187B8
520,181A6
521,1866F
522,1852A
523,186A1
524,184A9
525,181C0
526,1845B
527,187B3
528,17E17
529,18511
530,17264
531,1845E
532,181FC
533,17E1F
534,1785F
535,17876
536,1873B
537,1734E
538,17358
539,180EF
540,18611
541,1786E
542,17D7D
543,18133
544,181F9
545,17E26
546,1822B
547,18512
548,18519
549,1868B
550,185F5
551,186A8
552,18698
553,18743
554,1869B
555,17E16
556,184E6
557,185EC
558,17339
559,1760C
560,17610
561,17868
562,17CE8
563,18140
564,1863E
565,1878A
566,1739C
567,17677
568,17E36
569,18115
570,18708
571,17251
572,1726D
573,175FB
574,17D8E
575,18159
576,18167
577,18524
578,181FF
579,1871F
580,18649
581,18661
582,18776
583,187D3
584,175FC
585,1725D
586,1734F
587,17619
588,17D75
589,1822F
590,185FD
591,175F0
592,17866
593,18515
594,18665
595,187B4
596,187B5
597,187C4
598,177E6
599,17349
600,1817A
601,18652
602,175FD
603,1816A
604,177D8
605,1820E
606,17E02
607,18211
608,17C4A
609,1846D
610,17E0E
611,18700
612,17CF3
613,17DF0
614,18213
615,1846C
616,17DFC
617,17E11
618,17245
619,17584
620,17364
621,1860C
622,1860F
623,17E5B
624,18676
625,1723C
626,17595
627,17583
628,17592
629,175B7
630,175B3
631,17E5A
632,181F2
633,181F5
634,175CD
635,181EB
636,17CFD
637,17E4E
638,18528
639,17CC8
640,1878E
641,17E3D
642,18697
643,18108
644,17E23
645,18468
646,184A4
647,184BC
648,181A8
649,181C4
650,181CB
651,17DD8
652,177F4
653,17662
654,184F2
655,181A7
656,17E3E
657,1811E
658,18682
659,17656
660,180FF
661,175DA
662,1812E
663,175DE
664,1867D
665,181A9
666,181B5
667,181B1
668,1866D
669,181B4
670,1866A
671,18225
672,181CC
673,18741
674,185F1
675,18141
676,18793
677,17271
678,17C31
679,18633
680,18745
681,1872A
682,18462
683,18482
684,1724E
685,1813D
686,185FA
687,1733F
688,180F2
689,18612
690,18615
691,17D7E
692,17D81
693,18142
694,1845F
695,181FD
696,18513
697,18640
698,18634
699,1871C
700,18742
701,18226
702,17862
703,17867
704,17D84
705,1814D
706,18216
707,17254
708,1739A
709,1767A
710,18116
711,1821C
712,1811A
713,185F7
714,177E4
715,181DB
716,18663
717,18172
718,17C42
719,184B7
720,181DA
721,17DF7
722,17C3A
723,18181
724,18184
725,1846E
726,1860D
727,17591
728,17594
729,17593
730,1867C
731,1757C
732,1723E
733,17596
734,175C2
735,17249
736,186FE
737,17621
738,181EE
739,1878D
740,1879A
741,187C9
742,18619
743,18712
744,17C12
745,1737E
746,17E42
747,18717
748,177F1
749,177FB
750,18603
751,17644
752,1737A
753,1737C
754,17673
755,17C1A
756,1810F
757,18111
758,18621
759,17D0A
760,17377
761,17C22
762,186A2
763,187D5
764,1819D
765,181DF
766,185F3
767,17DE4
768,181A5
769,184BB
770,181BC
771,184A8
772,17C2A
773,17640
774,1766B
775,1763C
776,18112
777,1765C
778,1786B
779,1812F
780,1845C
781,17C10
782,187C6
783,17E1B
784,17336
785,17398
786,1821B
787,18217
788,17C0F
789,17340
790,18143
791,18152
792,1816C
793,17CEA
794,1847C
795,18647
796,1865D
797,17263
798,173A1
799,1767D
800,1725C
801,1864F
802,1865E
803,185F6
804,1733D
805,17343
806,17344
807,17874
808,1863F
809,1864B
810,18653
811,1870D
812,1874F
813,17CE0
814,18477
815,177EA
816,177EC
817,17D78
818,18153
819,18203
820,1851F
821,18130
822,17CDA
823,17351
824,1726E
825,18180
826,17C41
827,17C43
828,17C44
829,18185
830,17DED
831,1820D
832,17E0C
833,17E0A
834,185FB
835,1759A
836,175AC
837,1758D
838,175AB
839,181F1
840,181F7
841,17E54
842,17CC4
843,17CCA
844,1818E
845,1766F
846,17669
847,181AC
848,181C8
849,1812C
850,177FF
851,1871A
852,181CA
853,170D4
854,18609
855,17660
856,17C1C
857,185E8
858,17E35
859,181B9
860,184F7
861,17E19
862,17250
863,17CDD
864,185F0
865,18119
866,18170
867,18165
868,1816E
869,1822E
870,1761C
871,18127
872,18602
873,18177
874,1815A
875,18206
876,177EF
877,18179
878,1864D
879,17270
880,18173
881,18463
882,18648
883,1869C
884,1878F
885,1735E
886,17C47
887,17E14
888,175AE
889,1867B
890,18679
891,186FF
892,17CD0
893,18601
894,17E2D
895,1850C
896,17265
897,175A9
898,175AF
899,17D9D
900,187B1
901,171FB
902,1878C
903,1756F
904,1849E
905,17D9C
906,17D9F
907,17DA5
908,17DA2
909,1818D
910,187B2
911,171E2
912,1754D
913,17C50
914,17C52
915,18523
916,17222
917,17DDC
918,17DDF
919,1720D
920,17567
921,17570
922,17C5C
923,17C87
924,17C8F
925,17CA9
926,17E47
927,17C75
928,171EC
929,17C60
930,187E3
931,17C68
932,17C6A
933,17C88
934,1848D
935,18194
936,17636
937,17667
938,1810A
939,1810C
940,18465
941,18606
942,17207
943,17220
944,17210
945,17563
946,1756D
947,17C2E
948,17C7B
949,17CB2
950,17C9C
951,17C9D
952,17CB8
953,1848B
954,1849C
955,175E1
956,175E0
957,180F9
958,18109
959,17554
960,1756A
961,17C7C
962,1765A
963,17C21
964,17C29
965,171F9
966,17551
967,17560
968,17C55
969,17627
970,17628
971,17CA4
972,17C7F
973,17C8E
974,17555
975,18493
976,1849D
977,1877C
978,171EF
979,17C76
980,17C8D
981,1852E
982,18529
983,181B3
984,181B2
985,18669
986,17C8A
987,18191
988,17C4E
989,18114
990,17221
991,17DDA
992,171FD
993,184C9
994,18190
995,17C58
996,17C5B
997,17C14
998,1861A
999,18711
1000,171E6
1001,17217
1002,17C5D
1003,1737F
1004,17622
1005,1765B
1006,17659
1007,17650
1008,17647
1009,1765F
1010,17651
1011,17C20
1012,17C23
1013,18100
1014,177F2
1015,18128
1016,1845A
1017,184CB
1018,18696
1019,1879E
1020,171E0
1021,17625
1022,17C73
1023,17CAA
1024,17C77
1025,18485
1026,17375
1027,17642
1028,1764B
1029,17661
1030,18472
1031,187D6
1032,17CAD
1033,18620
1034,1877B
1035,187D4
1036,17C65
1037,18466
1038,17C92
1039,17D98
1040,17C2D
1041,187D8
1042,184F6
1043,1866C
1044,171FA
1045,184A3
1046,181A0
1047,17206
1048,181BE
1049,17D79
1050,1852C
1051,17DE7
1052,181A2
1053,181AD
1054,184A6
1055,185E9
1056,181C3
1057,18221
1058,17626
1059,17C4F
1060,17C96
1061,18486
1062,17562
1063,17332
1064,17DDD
1065,17DD9
1066,18469
1067,171EE
1068,17200
1069,171FE
1070,17624
1071,17C5A
1072,17C72
1073,17C66
1074,17C78
1075,17C89
1076,17CA3
1077,17C99
1078,17CB9
1079,175D8
1080,1761F
1081,17646
1082,17381
1083,1766E
1084,17C17
1085,18104
1086,18483
1087,1861D
1088,17D09
1089,17552
1090,17572
1091,17C69
1092,17C7D
1093,17C9E
1094,1848A
1095,18497
1096,17333
1097,17C18
1098,1812B
1099,17D08
1100,17C71
1101,175DF
1102,1766A
1103,17629
1104,1721F
1105,184EF
1106,18D07
1107,184F1
1108,184F5
1109,17CBD
1110,17211
1111,17C90
1112,17DEA
1113,181AB
1114,181BA
1115,181BD
1116,181DE
1117,184AA
1118,18782
1119,181C7
1120,17DEB
1121,181DC
1122,17CB5
1123,17664
1124,1763B
1125,17C24
1126,17C27
1127,17569
1128,1763E
1129,17649
1130,184A2
1131,17D97
1132,18467
1133,181E2
1134,17E24
1135,181A3
1136,181C2
1137,1762A
1138,177FE
1139,175D9
1140,1763F
1141,185F4
1142,1877E
1143,171E4
1144,171EA
1145,171F5
1146,171F7
1147,171EB
1148,1754C
1149,18113
1150,17556
1151,1817E
1152,18481
1153,18624
1154,17C56
1155,17C61
1156,187B9
1157,17C6F
1158,171E1
1159,171E5
1160,1721C
1161,17227
1162,17C74
1163,17C83
1164,17CB1
1165,17CB4
1166,17CBC
1167,18494
1168,1724C
1169,17614
1170,175EF
1171,17D7F
1172,17D8D
1173,18155
1174,1874C
1175,185EA
1176,18195
1177,1720F
1178,171E8
1179,171E7
1180,17228
1181,17224
1182,17557
1183,18163
1184,18474
1185,187BB
1186,1849F
1187,1720E
1188,171F1
1189,171FC
1190,1756B
1191,17573
1192,1762B
1193,1735A
1194,1755D
1195,175F5
1196,18215
1197,18646
1198,1755E
1199,18498
1200,17602
1201,17348
1202,17218
1203,17600
1204,1815E
1205,18125
1206,171F4
1207,1721E
1208,17C81
1209,17CB6
1210,17208
1211,17CB7
1212,18667
1213,18628
1214,17877
1215,171F0
1216,1755A
1217,18149
1218,18707
1219,17608
1220,17E2F
1221,18657
1222,1877F
1223,1873C
1224,1871E
1225,17201
1226,17C5F
1227,17C6D
1228,17C82
1229,18193
1230,17334
1231,18613
1232,17D90
1233,17C2B
1234,18131
1235,18517
1236,1851B
1237,18460
1238,18638
1239,18637
1240,18658
1241,18781
1242,1874B
1243,17C63
1244,17553
1245,18775
1246,17559
1247,17558
1248,17C9A
1249,17269
1250,17253
1251,17C2F
1252,17550
1253,17C51
1254,17CB3
1255,18484
1256,17D86
1257,17E2A
1258,17E30
1259,1724B
1260,17260
1261,17259
1262,1725B
1263,1726B
1264,17C30
1265,187E1
1266,1850A
1267,17215
1268,17564
1269,1733E
1270,17C53
1271,17C70
1272,1735C
1273,1811F
1274,177ED
1275,184E8
1276,175F8
1277,17CD8
1278,18623
1279,18625
1280,1867F
1281,18747
1282,17C67
1283,17D74
1284,17C6C
1285,177E0
1286,18124
1287,17CA5
1288,1815F
1289,1813B
1290,1786A
1291,17575
1292,17C2C
1293,17E2E
1294,18204
1295,18162
1296,18135
1297,17202
1298,17212
1299,1762D
1300,17C5E
1301,17C6E
1302,17C94
1303,17C86
1304,17CA2
1305,18499
1306,17335
1307,17352
1308,185F9
1309,184EB
1310,175FA
1311,175F9
1312,175FF
1313,17604
1314,17606
1315,17D80
1316,17875
1317,18139
1318,18D05
1319,18134
1320,18156
1321,18157
1322,1816D
1323,1815C
1324,17CE5
1325,1862A
1326,1864C
1327,18740
1328,1869D
1329,18783
1330,1871D
1331,17CA6
1332,18227
1333,185EE
1334,184E7
1335,171DF
1336,17226
1337,17561
1338,187E0
1339,17565
1340,17C93
1341,17C9B
1342,17CB0
1343,17C9F
1344,17CAF
1345,18489
1346,1733B
1347,1760B
1348,18618
1349,17255
1350,1739F
1351,17680
1352,18118
1353,17869
1354,17D85
1355,1813F
1356,17CE4
1357,18704
1358,1874E
1359,1754F
1360,1755C
1361,1756E
1362,17574
1363,1762C
1364,17CA0
1365,17CBA
1366,18491
1367,1761B
1368,17E32
1369,17679
1370,17C33
1371,18205
1372,18785
1373,17568
1374,17258
1375,17605
1376,173A3
1377,17223
1378,17571
1379,17C7A
1380,17CA7
1381,17359
1382,177E3
1383,17D77
1384,17D77
1385,18120
1386,18232
1387,185FE
1388,18178
1389,1847B
1390,1865F
1391,18662
1392,17879
1393,177E9
1394,17CBB
1395,18706
1396,17225
1397,175F3
1398,18161
1399,17219
1400,17566
1401,17D8F
1402,18518
1403,17C98
1404,18117
1405,18651
1406,1873F
1407,173A0
1408,1848E
1409,1726A
1410,1814E
1411,1863D
1412,1735B
1413,1755B
1414,17C80
1415,17E27
1416,17CEC
1417,18478
1418,1756C
1419,18158
1420,1874D
1421,171F8
1422,17203
1423,17E28
1424,1725A
1425,1754B
1426,181E5
1427,18709
1428,18492
1429,180F3
1430,17CF5
1431,17C37
1432,171FF
1433,17C7E
1434,17C79
1435,17E0B
1436,1755F
1437,17CAE
1438,17E07
1439,18788
1440,1818A
1441,18186
1442,18187
1443,1817F
1444,1754E
1445,17213
1446,181E6
1447,17C6B
1448,17DF8
1449,17DEC
1450,17C91
1451,181E9
1452,17C62
1453,180F5
1454,18183
1455,17205
1456,17CF6
1457,181D9
1458,18459
1459,1721B
1460,1721A
1461,17CA8
1462,18490
1463,17DF3
1464,17DF9
1465,17DFE
1466,17E05
1467,17E06
1468,1846F
1469,1720C
1470,17209
1471,17CAB
1472,1848C
1473,17E12
1474,17E10
1475,18786
1476,17C39
1477,17C48
1478,17DF2
1479,17E0F
1480,17C59
1481,17C84
1482,1860B
1483,1757F
1484,1757E
1485,1757B
1486,1721D
1487,175A5
1488,171F2
1489,175C6
1490,1720B
1491,175BC
1492,17577
1493,17D28
1494,1870E
1495,18710
1496,17C95
1497,17244
1498,17D27
1499,17599
1500,181F0
1501,171DE
1502,17C54
1503,18495
1504,17576
1505,17D29
1506,1723D
1507,175A0
1508,1849A
1509,17589
1510,18488
1511,175A8
1512,1849B
1513,17D0D
1514,1818F
1515,17C64
1516,17585
1517,17204
1518,17C57
1519,18192
1520,175B1
1521,1724A
1522,175C7
1523,175AA
1524,171E3
1525,171F3
1526,18487
1527,17588
1528,17D26
1529,17C8B
1530,17C8C
1531,1848F
1532,175C9
1533,17D0E
1534,175C1
1535,18496
1536,175A6
1537,175CC
1538,175B2
1539,17C85
1540,175C3
1541,18678
1542,1732D
1543,1732E
1544,175A7
1545,1762E
1546,186FD
1547,17CA1
1548,17CAC
1549,171E9
1550,17214
1551,17CC3
1552,17CFE
1553,18239
1554,17C97
1555,17216
1556,17D06
1557,181EC
1558,17E4D
1559,171ED
1560,17D01
1561,18235
1562,17E52
1563,17CCD
1564,17CC9
1565,17CCF
1566,181ED
1567,18237
1568,18238
1569,17E50
1570,17E56
1571,17D04
1572,17D02
1573,181EF
1574,17E55
1575,17CFF
1576,17DA6
1577,18798
1578,1879B
1579,187BE
1580,1877A
1581,187C8
1582,18799
1583,1879C
1584,170D3
1585,17DE3
1586,1764F
1587,17E45
1588,17382
1589,17623
1590,17671
1591,177F9
1592,18103
1593,175E2
1594,17645
1595,17C26
1596,17E4B
1597,17E4C
1598,18102
1599,18718
1600,181E1
1601,1867E
1602,184F3
1603,181CE
1604,1852D
1605,17DE9
1606,181B6
1607,184BD
1608,18670
1609,181CD
1610,18668
1611,1871B
1612,175D7
1613,17666
1614,17802
1615,1761D
1616,180FD
1617,18715
1618,18683
1619,175DD
1620,1860A
1621,1879F
1622,181D8
1623,184F9
1624,184EE
1625,17E25
1626,181C5
1627,170D1
1628,1732F
1629,17DDB
1630,17376
1631,1763D
1632,1764E
1633,17330
1634,17672
1635,17E41
1636,1811D
1637,1810D
1638,1810E
1639,18522
1640,17C1B
1641,1737B
1642,1764D
1643,17654
1644,17663
1645,177FA
1646,1812D
1647,18608
1648,1861F
1649,17C25
1650,17668
1651,1737D
1652,181AA
1653,181B7
1654,181C6
1655,18220
1656,181B8
1657,181CF
1658,181BB
1659,1866E
1660,18671
1661,17643
1662,17E48
1663,181E3
1664,17331
1665,17DE8
1666,175F6
1667,18D01
1668,17CE9
1669,17E2C
1670,18146
1671,1851A
1672,18641
1673,185ED
1674,17D8A
1675,1767B
1676,180F1
1677,18616
1678,18516
1679,18635
1680,18644
1681,18699
1682,1726C
1683,17682
1684,1822D
1685,17360
1686,17275
1687,17274
1688,17C34
1689,1726F
1690,18230
1691,175F7
1692,17D95
1693,18144
1694,17E2B
1695,17E33
1696,18784
1697,18744
1698,1850D
1699,18600
1700,177E7
1701,177F0
1702,1761A
1703,17613
1704,17E1D
1705,17E1C
1706,17347
1707,175F2
1708,18138
1709,17CDE
1710,17CE7
1711,18475
1712,18636
1713,18201
1714,17257
1715,18164
1716,18748
1717,17618
1718,18122
1719,181E4
1720,17CDF
1721,18137
1722,1822C
1723,18521
1724,18476
1725,18629
1726,17D94
1727,177E2
1728,18231
1729,18655
1730,18660
1731,18664
1732,17338
1733,17D83
1734,18147
1735,18D06
1736,1816B
1737,17CE6
1738,17CEB
1739,1850B
1740,18780
1741,1851E
1742,181FE
1743,18202
1744,18645
1745,1878B
1746,185EF
1747,18228
1748,1733A
1749,17612
1750,17261
1751,17262
1752,17273
1753,1739D
1754,1739E
1755,173A2
1756,1767F
1757,17D88
1758,18151
1759,1813E
1760,18218
1761,1863C
1762,1864A
1763,184B9
1764,1874A
1765,17611
1766,17616
1767,1725F
1768,17357
1769,1735F
1770,177E8
1771,18121
1772,18126
1773,18656
1774,18520
1775,17362
1776,17CEF
1777,17267
1778,1767C
1779,17E37
1780,17864
1781,17D89
1782,17D8B
1783,17268
1784,18188
1785,17C49
1786,17E00
1787,181E8
1788,17C3C
1789,18787
1790,17DF1
1791,1820F
1792,17CF8
1793,17C3B
1794,17C40
1795,17C3F
1796,17CF7
1797,17CF9
1798,184B8
1799,17C4C
1800,17E01
1801,18212
1802,1870A
1803,17DFF
1804,17E04
1805,1818B
1806,18470
1807,17E09
1808,1860E
1809,1759D
1810,175A2
1811,175BA
1812,175CA
1813,17597
1814,175C8
1815,1870F
1816,18677
1817,1757D
1818,17587
1819,17586
1820,175A1
1821,175AD
1822,175B8
1823,181F3
1824,17598
1825,17240
1826,17243
1827,175A3
1828,1759E
1829,1723F
1830,175BB
1831,175A4
1832,17D07
1833,18792
1834,17E58
1835,18778
1836,17E51
1837,18234
1838,17D05
1839,17CC6
1840,17CCC
1841,18791
1842,17CCE
1843,17DE2
1844,17C28
1845,1765D
1846,1861E
1847,177F8
1848,18685
1849,17641
1850,1812A
1851,185E7
1852,18719
1853,18689
1854,1865C
1855,177EE
1856,18617
1857,17CED
1858,1851D
1859,18643
1860,18749
1861,17256
1862,1725E
1863,1822A
1864,17D87
1865,18145
1866,18642
1867,17D76
1868,177E5
1869,17337
1870,175F1
1871,17871
1872,17D82
1873,17E1A
1874,1868A
1875,177E1
1876,187B6
1877,17865
1878,17C4B
1879,18214
1880,1818C
1881,181F6
1882,181F8
1883,17B0C
1884,1825F
1885,170D0
1886,178A8
1887,1828F
1888,187E5
1889,17B0D
1890,17E6D
1891,173B0
1892,173AD
1893,1708D
1894,170C6
1895,1703F
1896,171B3
1897,170AD
1898,170AE
1899,17165
1900,1709C
1901,17192
1902,171AC
1903,1719F
1904,17171
1905,1709A
1906,17149
1907,17167
1908,17193
1909,17160
1910,17172
1911,17185
1912,171B2
1913,171A4
1914,17158
1915,17180
1916,17198
1917,171A5
1918,1714B
1919,17048
1920,1705D
1921,17078
1922,17077
1923,17084
1924,170B5
1925,1704D
1926,170A5
1927,1708A
1928,170C3
1929,17067
1930,170BF
1931,17E6E
1932,17E64
1933,170C0
1934,17E80
1935,18242
1936,17E81
1937,173A6
1938,173AC
1939,17030
1940,17050
1941,1712D
1942,17138
1943,17154
1944,17156
1945,1719E
1946,171AB
1947,17139
1948,17129
1949,17155
1950,1715A
1951,1719B
1952,17032
1953,1706F
1954,1709F
1955,1706D
1956,17076
1957,17E5D
1958,17E74
1959,17E61
1960,17055
1961,17031
1962,17147
1963,1714A
1964,1715E
1965,1712C
1966,1709E
1967,17178
1968,1719A
1969,1716C
1970,17097
1971,170A4
1972,17052
1973,17068
1974,17081
1975,17054
1976,1707C
1977,17E67
1978,17E82
1979,18241
1980,17E6F
1981,17161
1982,1706A
1983,170BB
1984,17047
1985,1712E
1986,17E62
1987,1727A
1988,1727E
1989,172D9
1990,172A7
1991,172B8
1992,172E0
1993,172E2
1994,172BE
1995,173C2
1996,172C1
1997,1730C
1998,17326
1999,173C1
2000,173C4
2001,1789F
2002,178A0
2003,178A3
2004,172AF
2005,172CB
2006,17327
2007,1731D
2008,1826D
2009,17318
2010,18274
2011,172EF
2012,17303
2013,172C9
2014,17321
2015,18282
2016,18280
2017,171C6
2018,172A6
2019,172D5
2020,172BF
2021,184E4
2022,17286
2023,17287
2024,17297
2025,172D7
2026,17893
2027,17E91
2028,173BC
2029,172AA
2030,17279
2031,1727D
2032,17295
2033,18275
2034,172CE
2035,1826B
2036,1826C
2037,1826F
2038,1828A
2039,17B17
2040,172AB
2041,17283
2042,172D6
2043,186BE
2044,1727F
2045,17296
2046,18207
2047,18208
2048,17898
2049,17305
2050,17328
2051,17894
2052,173C6
2053,172D8
2054,172A8
2055,1826E
2056,18260
2057,178A7
2058,172FA
2059,18273
2060,18276
2061,17404
2062,17B0B
2063,178AC
2064,178B5
2065,178CA
2066,178DA
2067,17A7F
2068,17F31
2069,17F33
2070,17F92
2071,18291
2072,173DB
2073,178E0
2074,178DB
2075,17909
2076,17A3A
2077,17F38
2078,17A83
2079,17F93
2080,173BB
2081,173DC
2082,17904
2083,179A3
2084,179AA
2085,17F77
2086,17F9D
2087,17FAE
2088,178FA
2089,178FD
2090,17987
2091,17A7E
2092,17A39
2093,179F2
2094,17AD6
2095,17972
2096,17A0B
2097,17A12
2098,179D3
2099,17A58
2100,17A13
2101,17ABD
2102,17A64
2103,17A9F
2104,17A98
2105,17A6D
2106,18293
2107,17FC0
2108,17A50
2109,17A51
2110,17A6E
2111,17AAC
2112,17A55
2113,17A7D
2114,17FF6
2115,17FF2
2116,18538
2117,179A5
2118,17941
2119,179A8
2120,179B0
2121,17F65
2122,17F6A
2123,17A14
2124,17A81
2125,179C8
2126,17B20
2127,1793F
2128,1794B
2129,17989
2130,17A3C
2131,17AD5
2132,17A04
2133,179CB
2134,17A89
2135,179EF
2136,17ACB
2137,17F52
2138,17F70
2139,17FD4
2140,17FE5
2141,18536
2142,17E98
2143,173FC
2144,178D3
2145,17F37
2146,17FBB
2147,17EAA
2148,17EF8
2149,173F4
2150,1796E
2151,17AAD
2152,17ACD
2153,17F64
2154,17F53
2155,17EA2
2156,17EAD
2157,17EAC
2158,17EA9
2159,17EBE
2160,17EE7
2161,17ED2
2162,179D0
2163,17A67
2164,17A86
2165,17FCB
2166,17EC2
2167,17EE2
2168,17EED
2169,17EDE
2170,17ED5
2171,173E4
2172,17B19
2173,178DC
2174,17EFD
2175,17FB9
2176,17935
2177,179B5
2178,178CB
2179,17A24
2180,17AE9
2181,17F72
2182,179FA
2183,178D6
2184,178D7
2185,178AB
2186,17F9C
2187,178B4
2188,178D8
2189,17903
2190,178FB
2191,1829B
2192,18532
2193,178B7
2194,1790B
2195,17952
2196,1790C
2197,17938
2198,17ADA
2199,17F50
2200,17F02
2201,17905
2202,1799D
2203,1794A
2204,17A34
2205,17943
2206,178DD
2207,17F39
2208,17FAC
2209,17FB2
2210,17FC6
2211,178CD
2212,1794E
2213,17EFE
2214,17906
2215,178FE
2216,17916
2217,17A38
2218,17F34
2219,18290
2220,173F3
2221,17A4D
2222,17A7B
2223,173FD
2224,17980
2225,17940
2226,17A3B
2227,17A84
2228,178AA
2229,178CF
2230,178D5
2231,1794C
2232,1798A
2233,17990
2234,179A1
2235,179ED
2236,17A37
2237,17F4F
2238,17F90
2239,17FAD
2240,17FD3
2241,17FD0
2242,17FE0
2243,18537
2244,18299
2245,17AEB
2246,178B8
2247,178D4
2248,179E6
2249,179A6
2250,1794F
2251,17A8D
2252,18D03
2253,17F8A
2254,17F91
2255,17FDF
2256,17EFC
2257,179A9
2258,17A80
2259,17AA8
2260,17FE4
2261,17FF9
2262,17FFC
2263,178B6
2264,17A82
2265,17AEF
2266,17FF1
2267,17FFB
2268,17FFE
2269,1829C
2270,17FFD
2271,17E99
2272,17ED3
2273,173EB
2274,173FB
2275,17AB5
2276,18539
2277,17EA0
2278,17EF5
2279,17E9A
2280,17EAB
2281,17ED8
2282,179FB
2283,173C9
2284,178D1
2285,17F42
2286,17A42
2287,173EC
2288,17FFA
2289,17ED4
2290,178D2
2291,179A7
2292,17A85
2293,18296
2294,178D9
2295,17908
2296,1794D
2297,177DD
2298,18726
2299,18726
2300,18269
2301,186B3
2302,186B6
2303,18721
2304,186B9
2305,186AD
2306,17B23
2307,17B36
2308,17B26
2309,170E7
2310,170F1
2311,170F2
2312,17B33
2313,170EB
2314,170ED
2315,17B24
2316,17B2C
2317,17B2F
2318,17B31
2319,170E9
2320,17D10
2321,184D2
2322,184E0
2323,184D3
2324,184CF
2325,184D4
2326,18001
2327,170D7
2328,17B2A
2329,17B35
2330,17D17
2331,17D1B
2332,170F6
2333,184CE
2334,170DD
2335,17F06
2336,17F14
2337,17F1C
2338,17F23
2339,17F28
2340,17F24
2341,17F04
2342,17F15
2343,17F2C
2344,17F07
2345,17F10
2346,17F26
2347,17F2D
2348,17F0C
2349,17F13
2350,17E91
2351,18244
2352,17E94
2353,1715C
2354,17131
2355,17181
2356,171AD
2357,17188
2358,17E65
2359,173A7
2360,173A5
2361,1712A
2362,1713A
2363,17159
2364,17162
2365,17099
2366,171A0
2367,1717A
2368,1718D
2369,1716B
2370,17175
2371,171B8
2372,17071
2373,17190
2374,17183
2375,17179
2376,17168
2377,1716F
2378,17195
2379,171A1
2380,17035
2381,17046
2382,1706B
2383,17096
2384,17085
2385,17082
2386,17051
2387,1708E
2388,17E5C
2389,17060
2390,1823A
2391,17E5E
2392,1823D
2393,17E6A
2394,17063
2395,171A6
2396,17DA0
2397,17DA7
2398,1789E
2399,17309
2400,172E8
2401,172CC
2402,186BD
2403,173C7
2404,17285
2405,1730A
2406,178A5
2407,184E2
2408,172FC
2409,182A2
2410,1729A
2411,173BE
2412,172B1
2413,172C0
2414,172D2
2415,172DF
2416,172EE
2417,172C2
2418,17304
2419,17299
2420,17897
2421,1853E
2422,1728A
2423,172F7
2424,1827A
2425,17B16
2426,18279
2427,18289
2428,1828B
2429,172E3
2430,18286
2431,171C9
2432,172F0
2433,17F2F
2434,17405
2435,17AF3
2436,17AF4
2437,17AFD
2438,17AFC
2439,17B06
2440,17F9E
2441,173CF
2442,173D1
2443,17EA3
2444,179F9
2445,17EC4
2446,17EBC
2447,1793E
2448,178F8
2449,17F94
2450,17F79
2451,17FBD
2452,179B7
2453,179F1
2454,17FC1
2455,17AAF
2456,17EBA
2457,17B1B
2458,178BA
2459,17B0E
2460,17B10
2461,17F44
2462,17FA1
2463,17FFF
2464,178DE
2465,17B0F
2466,1793A
2467,1793B
2468,179B6
2469,17915
2470,17FA0
2471,173CE
2472,17B22
2473,1790D
2474,1798E
2475,179D1
2476,17A0D
2477,179EC
2478,179F0
2479,17A9C
2480,17AC9
2481,17A88
2482,17F66
2483,17F6F
2484,1853C
2485,18298
2486,17995
2487,17A9D
2488,173E5
2489,173F2
2490,178E2
2491,1793C
2492,179A2
2493,179A4
2494,17A1F
2495,17A5A
2496,179FD
2497,17A30
2498,17F3A
2499,17FBE
2500,17EB1
2501,17EE4
2502,17ED7
2503,173E1
2504,17991
2505,17EB0
2506,17EA1
2507,17EFB
2508,17ED6
2509,17ECF
2510,17988
2511,17A1B
2512,17AEC
2513,173F9
2514,17A9E
2515,17A94
2516,17981
2517,17EAF
2518,17936
2519,17FAA
2520,177DC
2521,18724
2522,186AB
2523,17E86
2524,186AA
2525,186B4
2526,186AF
2527,170E0
2528,17D20
2529,170E1
2530,184CD
2531,17D15
2532,17B25
2533,17B2B
2534,170F7
2535,170FC
2536,1762F
2537,170E3
2538,170E8
2539,17D12
2540,17D1E
2541,184D0
2542,184DA
2543,184D9
2544,17F03
2545,17F16
2546,17F08
2547,17F1B
2548,17E90
2549,18245
2550,170BC
2551,170C7
2552,171BD
2553,17053
2554,17087
2555,170A1
2556,170B2
2557,171BE
2558,171A3
2559,1706C
2560,17E68
2561,17037
2562,17041
2563,17072
2564,1705F
2565,17176
2566,170A2
2567,170A0
2568,170B6
2569,17E70
2570,17E75
2571,17E69
2572,17094
2573,17DA3
2574,17DA9
2575,1728D
2576,17F80
2577,1728E
2578,178A1
2579,172D3
2580,18270
2581,172A9
2582,17281
2583,1728F
2584,172FB
2585,17F7E
2586,173BD
2587,172DE
2588,172C4
2589,172F5
2590,172DA
2591,17E92
2592,178A4
2593,17F85
2594,18277
2595,1827B
2596,18261
2597,18680
2598,17F7D
2599,17F82
2600,17409
2601,17AF5
2602,178BE
2603,178E6
2604,1795F
2605,17F3C
2606,1795C
2607,17A35
2608,173EA
2609,1790F
2610,17945
2611,17950
2612,17A01
2613,17A0E
2614,17ABF
2615,17FB5
2616,178E5
2617,1793D
2618,179B2
2619,17A05
2620,17A71
2621,17FAB
2622,17EC7
2623,17A06
2624,17A23
2625,179B9
2626,17998
2627,17F3B
2628,17F96
2629,1790A
2630,17944
2631,179B8
2632,17F7F
2633,17A03
2634,17A9B
2635,17F35
2636,17A74
2637,1795D
2638,17960
2639,179BB
2640,178E7
2641,178BB
2642,178E4
2643,1791E
2644,179BC
2645,17919
2646,17B12
2647,17A8B
2648,173ED
2649,1791B
2650,17910
2651,179BA
2652,17A00
2653,17A5D
2654,17F43
2655,17FA3
2656,17FD7
2657,17FAF
2658,17F84
2659,173FE
2660,17A97
2661,1790E
2662,1798F
2663,1799E
2664,17A1C
2665,17A54
2666,17A5E
2667,17A59
2668,17ABE
2669,17FDD
2670,17997
2671,173E9
2672,179F3
2673,17F7B
2674,17F61
2675,17FA2
2676,17EA4
2677,17EB3
2678,17EC8
2679,17AE1
2680,17A4C
2681,173E8
2682,17976
2683,179DD
2684,17A63
2685,17F45
2686,179AD
2687,17EC6
2688,1791C
2689,186B0
2690,186AE
2691,170FA
2692,17F83
2693,170EA
2694,17D16
2695,170F9
2696,184DC
2697,184DD
2698,173AB
2699,1713B
2700,17144
2701,1712F
2702,1714D
2703,171A9
2704,1707B
2705,1787C
2706,17199
2707,17166
2708,17142
2709,17143
2710,1704C
2711,1709D
2712,170A3
2713,1705C
2714,170A9
2715,17E73
2716,17E60
2717,17E78
2718,17E7C
2719,171C0
2720,172B7
2721,17896
2722,173C3
2723,173C0
2724,172D0
2725,172EA
2726,172E1
2727,17308
2728,1789C
2729,17313
2730,171C8
2731,1729F
2732,172B9
2733,17288
2734,172B4
2735,18288
2736,184E3
2737,172A2
2738,172D1
2739,17930
2740,179A0
2741,17F59
2742,17F8B
2743,179E8
2744,173D2
2745,17B1F
2746,178D0
2747,17949
2748,178FC
2749,1791D
2750,17966
2751,179AF
2752,17973
2753,17954
2754,179CF
2755,179C7
2756,17A08
2757,17A28
2758,17F67
2759,17FA6
2760,17FB3
2761,17FCE
2762,17FEA
2763,17AA0
2764,17A99
2765,17F6B
2766,17FC7
2767,17FF5
2768,18297
2769,173F6
2770,17979
2771,1797B
2772,17ADE
2773,17F5A
2774,173D5
2775,17907
2776,1795E
2777,1792A
2778,1795B
2779,1797E
2780,17F55
2781,17FB1
2782,1853A
2783,178FF
2784,17968
2785,17A4E
2786,17AD1
2787,17E9E
2788,17EC1
2789,17EEB
2790,179E2
2791,17FC4
2792,17EDB
2793,17EE3
2794,17EBD
2795,17ED1
2796,173D6
2797,178C8
2798,1829D
2799,17F4D
2800,17FA9
2801,179DC
2802,17985
2803,1797D
2804,17F32
2805,17A48
2806,17FE2
2807,17A4D
2808,17EEF
2809,17A7C
2810,186A9
2811,186B7
2812,184E1
2813,17F19
2814,17F11
2815,17F12
2816,17F1D
2817,1717D
2818,170C2
2819,17194
2820,173AE
2821,173B2
2822,17073
2823,17137
2824,17882
2825,17187
2826,1715B
2827,17182
2828,1709B
2829,17E76
2830,1716E
2831,17090
2832,1707D
2833,17146
2834,17E7F
2835,173AF
2836,173B1
2837,1718C
2838,17093
2839,17080
2840,17886
2841,173B3
2842,18753
2843,172BC
2844,17891
2845,172AD
2846,1731E
2847,184E5
2848,178A2
2849,172F2
2850,1827F
2851,172A5
2852,178B3
2853,1799A
2854,178F1
2855,17F9B
2856,17FDA
2857,17953
2858,179E5
2859,17A6A
2860,17A44
2861,17F6C
2862,17ACC
2863,173E6
2864,17A8F
2865,17A9A
2866,17AA9
2867,17A90
2868,17FB8
2869,17A45
2870,179E9
2871,17F41
2872,17A47
2873,17FE1
2874,17994
2875,17A43
2876,17993
2877,1853B
2878,17A41
2879,17AB9
2880,17EEE
2881,17EF4
2882,17A46
2883,17AD7
2884,1799F
2885,17AC3
2886,17EBF
2887,17F73
2888,17933
2889,17F4A
2890,17FA8
2891,18295
2892,179EA
2893,17FD2
2894,182A1
2895,186B2
2896,184D1
2897,17B32
2898,170EF
2899,17D23
2900,184D8
2901,17D1D
2902,1718B
2903,17186
2904,170AC
2905,17A8E
2906,18000
2907,1703C
2908,1707A
2909,17150
2910,1717B
2911,17151
2912,171AE
2913,1714F
2914,1715D
2915,1717E
2916,171BF
2917,17153
2918,170BE
2919,17057
2920,17088
2921,170CB
2922,170BA
2923,17061
2924,1823B
2925,1823E
2926,173A8
2927,1712B
2928,1787A
2929,1716A
2930,1704F
2931,1713E
2932,17174
2933,17173
2934,1719D
2935,171B7
2936,1704B
2937,170A7
2938,17145
2939,17086
2940,1707E
2941,17059
2942,17062
2943,170A8
2944,1708B
2945,170B0
2946,17040
2947,1708C
2948,1703D
2949,17E71
2950,17E7D
2951,17E7E
2952,17169
2953,170CC
2954,17036
2955,17034
2956,17056
2957,1707F
2958,17075
2959,1704E
2960,17157
2961,17883
2962,17177
2963,1787E
2964,17191
2965,171BA
2966,17197
2967,171C2
2968,171A8
2969,170AA
2970,17089
2971,17058
2972,170CD
2973,1705E
2974,17E63
2975,18240
2976,1823C
2977,17079
2978,17E6B
2979,1703B
2980,17074
2981,17130
2982,17152
2983,17141
2984,17184
2985,17065
2986,170AB
2987,170B9
2988,17069
2989,170C4
2990,17064
2991,1703E
2992,17E72
2993,17E77
2994,1741B
2995,17DA8
2996,17DAB
2997,172ED
2998,17325
2999,17D2D
3000,17280
3001,17301
3002,17322
3003,1789B
3004,172BD
3005,17412
3006,17D2B
3007,17315
3008,1741C
3009,1853F
3010,172C6
3011,17293
3012,172E9
3013,172CA
3014,1828D
3015,17417
3016,17419
3017,17D2E
3018,1740D
3019,1727B
3020,18265
3021,18266
3022,17630
3023,1727C
3024,172BA
3025,17300
3026,17278
3027,172AC
3028,1730F
3029,1788E
3030,1826A
3031,1728B
3032,18681
3033,172E5
3034,17324
3035,172CF
3036,1740F
3037,18262
3038,17413
3039,17291
3040,1728C
3041,172B6
3042,172FF
3043,17418
3044,17890
3045,1729B
3046,17284
3047,172B0
3048,172B5
3049,1730D
3050,1730E
3051,172D4
3052,1731C
3053,17317
3054,1789A
3055,172C8
3056,172EC
3057,172FE
3058,172FD
3059,1731B
3060,1730B
3061,17312
3062,18272
3063,18283
3064,1828C
3065,17319
3066,1732C
3067,172DD
3068,1731A
3069,172E6
3070,17282
3071,17294
3072,1788F
3073,17289
3074,172EB
3075,172C3
3076,17892
3077,172C7
3078,172C5
3079,18271
3080,172DB
3081,1827E
3082,1732A
3083,17414
3084,17292
3085,172A3
3086,17631
3087,17F86
3088,17408
3089,17406
3090,17407
3091,17AF1
3092,17AF6
3093,17AF7
3094,17AF2
3095,17B00
3096,17AFF
3097,17B04
3098,17B01
3099,17AFB
3100,17B03
3101,17AF8
3102,17B07
3103,17B08
3104,173D7
3105,17A2D
3106,17A25
3107,17A72
3108,17F69
3109,17F8F
3110,17FB7
3111,17FE3
3112,173DE
3113,178AD
3114,178C2
3115,178E1
3116,17A21
3117,17A36
3118,17951
3119,17AD4
3120,178F9
3121,17939
3122,17F4C
3123,17ADB
3124,179F8
3125,1853D
3126,17FF7
3127,17FD8
3128,1792D
3129,17A0C
3130,17996
3131,179F5
3132,17A52
3133,17AC8
3134,17AB4
3135,17A69
3136,17F5B
3137,17F62
3138,17F75
3139,17900
3140,17AED
3141,17AB0
3142,178EA
3143,179D2
3144,17A16
3145,17AA5
3146,1796F
3147,17A20
3148,17A56
3149,17AB1
3150,179FE
3151,17ABB
3152,17F00
3153,17ECE
3154,17A27
3155,173F0
3156,17401
3157,17971
3158,17992
3159,17A19
3160,17FBF
3161,17EE0
3162,17EF6
3163,17ADF
3164,17EB8
3165,17EE8
3166,17EE9
3167,178B9
3168,17A6B
3169,17F5F
3170,17FDC
3171,17FED
3172,17AE3
3173,1792F
3174,178CC
3175,17A33
3176,17AC7
3177,17F7A
3178,178AE
3179,178A9
3180,178BC
3181,178BD
3182,17918
3183,179D8
3184,17F30
3185,17F49
3186,17F89
3187,18530
3188,1741A
3189,17B18
3190,178AF
3191,178C1
3192,178C9
3193,178ED
3194,178F7
3195,178C3
3196,179D9
3197,17A2B
3198,179D4
3199,17A76
3200,17901
3201,17902
3202,179C1
3203,17F68
3204,17F8D
3205,182A0
3206,17F3F
3207,17934
3208,178EF
3209,17ACE
3210,17911
3211,1799C
3212,17947
3213,17986
3214,17959
3215,17942
3216,17969
3217,178CE
3218,17A3F
3219,17A29
3220,17AA3
3221,17AC0
3222,17958
3223,17F4B
3224,17FB4
3225,173CA
3226,17B1A
3227,17B1E
3228,17913
3229,1797A
3230,17A1E
3231,17AE5
3232,17A93
3233,173DA
3234,17957
3235,17A2E
3236,17A49
3237,178B1
3238,178EE
3239,179D6
3240,179FC
3241,1791A
3242,17F87
3243,17F8E
3244,17E9B
3245,17EDF
3246,17E9F
3247,17EEA
3248,17931
3249,17A1D
3250,17932
3251,17FCF
3252,17AE4
3253,17403
3254,17FD9
3255,17E95
3256,17E96
3257,17EB2
3258,17948
3259,17982
3260,17A32
3261,178B2
3262,17974
3263,17A2A
3264,17F40
3265,179CD
3266,179B3
3267,17A2F
3268,179D7
3269,17F01
3270,179DA
3271,17402
3272,17D2C
3273,173D8
3274,178B0
3275,178C4
3276,178F0
3277,178C6
3278,178E3
3279,178F6
3280,1797F
3281,1795A
3282,17977
3283,179D5
3284,17970
3285,179CC
3286,179E7
3287,17A2C
3288,17A77
3289,17A79
3290,17F57
3291,17F56
3292,17F74
3293,17F5C
3294,17F88
3295,17F95
3296,17FA7
3297,17FCC
3298,17FEF
3299,18533
3300,18534
3301,187E6
3302,17A40
3303,173E0
3304,17A75
3305,17912
3306,17914
3307,1798B
3308,179EE
3309,17F51
3310,17F9F
3311,17FEE
3312,17FDE
3313,173F1
3314,173EE
3315,17A68
3316,179AB
3317,179C0
3318,17A5F
3319,17A60
3320,17AE6
3321,17F78
3322,17FCA
3323,17FD6
3324,17FE9
3325,173DD
3326,17AA4
3327,17AB3
3328,17F63
3329,17A78
3330,1798C
3331,17A87
3332,17A73
3333,179B4
3334,17FE6
3335,17E97
3336,17E9D
3337,17EC0
3338,17EA8
3339,17EBB
3340,173D9
3341,17975
3342,17AD0
3343,17A4F
3344,17EE1
3345,17AB7
3346,17EC5
3347,17ED0
3348,17EF2
3349,173E3
3350,173D4
3351,17AB2
3352,173F7
3353,1799B
3354,17ABA
3355,17AD9
3356,179E1
3357,179E0
3358,17F76
3359,17FF0
3360,1792E
3361,179CE
3362,17F36
3363,173CB
3364,17B21
3365,178F3
3366,178F5
3367,17A65
3368,17ACF
3369,173F5
3370,179AC
3371,17AA2
3372,17A92
3373,17EA7
3374,17EDD
3375,17EF3
3376,179FF
3377,173FF
3378,17AEE
3379,17EB9
3380,17EEC
3381,17A26
3382,17F3E
3383,179F4
3384,17A96
3385,17AD2
3386,17AD3
3387,17F58
3388,17978
3389,178C7
3390,17F71
3391,1740E
3392,17416
3393,17E87
3394,186BA
3395,186B8
3396,17D2A
3397,170F0
3398,17411
3399,17D21
3400,17D11
3401,1740B
3402,170D5
3403,17B28
3404,170E2
3405,17B27
3406,170F5
3407,170EE
3408,17D0F
3409,170D6
3410,170DC
3411,184DB
3412,17D25
3413,170F8
3414,170D9
3415,18002
3416,170E4
3417,17D14
3418,17D18
3419,17D22
3420,184D7
3421,17B34
3422,170E6
3423,17410
3424,170EC
3425,17D1F
3426,17D13
3427,17D1A
3428,170F3
3429,17F0A
3430,17F2A
3431,17F2E
3432,1740C
3433,17F17
3434,17F05
3435,18D02
3436,17F0D
3437,17F1A
3438,17F20
3439,17F21
3440,17F25
3441,17F29
3442,17F0B
3443,17F0F
3444,18248
3445,18243
3446,1789D
3447,18247
3448,17415
3449,17044
3450,173B4
3451,170C9
3452,170BD
3453,17881
3454,1718E
3455,171BB
3456,1713C
3457,171A7
3458,1718A
3459,17189
3460,170C8
3461,17083
3462,17092
3463,17170
3464,171B5
3465,1706E
3466,1705B
3467,170B1
3468,170C5
3469,17E6C
3470,17E5F
3471,170B3
3472,17038
3473,170AF
3474,17136
3475,17164
3476,171B4
3477,17135
3478,171A2
3479,171AF
3480,171B6
3481,17E79
3482,170B4
3483,17033
3484,1703A
3485,17045
3486,17043
3487,1704A
3488,17134
3489,18D00
3490,1714E
3491,17140
3492,1717C
3493,17163
3494,1717F
3495,1787D
3496,17091
3497,1713F
3498,1714C
3499,1787B
3500,171B9
3501,171BC
3502,171B0
3503,171B1
3504,171C1
3505,1716D
3506,17066
3507,170CA
3508,170B8
3509,17098
3510,170CE
3511,170CF
3512,17E7B
3513,17E66
3514,17E83
3515,170C1
3516,173A9
3517,17161
3518,17095
3519,1708F
3520,17DB0
3521,18754
3522,18752
3523,18267
3524,17323
3525,18209
3526,178A6
3527,172F8
3528,1827C
3529,172F9
3530,18278
3531,1827D
3532,1828E
3533,172F1
3534,172A0
3535,173C8
3536,17298
3537,17314
3538,171C7
3539,17290
3540,172A1
3541,1729E
3542,172E4
3543,18268
3544,1729D
3545,17895
3546,173C5
3547,172AE
3548,172F4
3549,17307
3550,172DC
3551,18284
3552,18281
3553,172F3
3554,170DB
3555,17306
3556,17320
3557,17329
3558,1740A
3559,17AF9
3560,17AFA
3561,17B02
3562,17B05
3563,17B09
3564,17B0A
3565,17924
3566,17961
3567,1829E
3568,18294
3569,17923
3570,17928
3571,17FD1
3572,1829F
3573,173DF
3574,17964
3575,17A09
3576,17A6F
3577,17A95
3578,17AAB
3579,17FC2
3580,17999
3581,17AAA
3582,17A0A
3583,17AC2
3584,17F7C
3585,17EFF
3586,17A62
3587,17AA6
3588,17AC5
3589,17FF3
3590,17921
3591,1792C
3592,179C5
3593,17A61
3594,17ACA
3595,17A17
3596,17AC1
3597,17B15
3598,17A3E
3599,17AAE
3600,17FA4
3601,17F6D
3602,18535
3603,17EB4
3604,17EC9
3605,17ECC
3606,179BE
3607,17ABC
3608,17FF4
3609,17EE6
3610,17EF1
3611,17A5C
3612,17FE7
3613,17AE8
3614,17937
3615,179DE
3616,17AA7
3617,17983
3618,179BD
3619,178BF
3620,178E8
3621,178EC
3622,1792B
3623,1796C
3624,17A10
3625,17F98
3626,17FC8
3627,179F6
3628,17929
3629,17A91
3630,178DF
3631,17946
3632,17F5D
3633,17FC3
3634,179EB
3635,17FD5
3636,17962
3637,17A53
3638,17AB8
3639,178C0
3640,178E9
3641,1791F
3642,17B13
3643,17967
3644,179C9
3645,17F8C
3646,17A5B
3647,17FE8
3648,17EDC
3649,1829A
3650,17E9C
3651,17EA6
3652,17ADC
3653,17ED9
3654,1797C
3655,173D3
3656,17A31
3657,17FC5
3658,173EF
3659,179C6
3660,17A18
3661,17A66
3662,17A1A
3663,17A0F
3664,17B11
3665,17B14
3666,17F5E
3667,17F47
3668,17F48
3669,17F6E
3670,17F97
3671,17F9A
3672,17FDB
3673,17FC9
3674,17A8C
3675,17B1C
3676,17926
3677,17965
3678,179CA
3679,17956
3680,179B1
3681,17A4A
3682,17A4B
3683,17FA5
3684,18D04
3685,17A02
3686,17AA1
3687,17A70
3688,17AE0
3689,17F60
3690,17FBA
3691,17920
3692,17AE2
3693,1798D
3694,17FEC
3695,17EB7
3696,179E3
3697,17A8A
3698,17FCD
3699,17ECA
3700,17EDA
3701,17EAE
3702,17A6C
3703,17FF8
3704,17EF0
3705,17EF7
3706,173FA
3707,17400
3708,179E4
3709,17FEB
3710,17984
3711,17AC4
3712,179DB
3713,179DF
3714,17A57
3715,17AE7
3716,1796D
3717,179C3
3718,173F8
3719,17ECB
3720,173E2
3721,17F54
3722,177DF
3723,18728
3724,186B5
3725,18750
3726,18727
3727,186AC
3728,17E88
3729,170DA
3730,170DF
3731,170F4
3732,170DE
3733,170FE
3734,170FB
3735,184DE
3736,170D8
3737,184D5
3738,184D6
3739,170E5
3740,17B29
3741,17B2E
3742,17D19
3743,17D1C
3744,184DF
3745,17B2D
3746,17B30
3747,17D24
3748,17F2B
3749,17F18
3750,17F1F
3751,17F09
3752,17F0E
3753,17F1E
3754,17F22
3755,18246
3756,17E93
3757,17042
3758,170B7
3759,17049
3760,17196
3761,1719C
3762,17133
3763,1713D
3764,170A6
3765,17E7A
3766,17039
3767,1715F
3768,1718F
3769,171AA
3770,18751
3771,173BF
3772,172BB
3773,1729C
3774,18287
3775,18285
3776,172CD
3777,18263
3778,17899
3779,17AFE
3780,17A07
3781,179F7
3782,17955
3783,17A15
3784,178F2
3785,17EB6
3786,17B1D
3787,17925
3788,17963
3789,179AE
3790,173D0
3791,17922
3792,17F46
3793,17EB5
3794,17EFA
3795,17EA5
3796,1796A
3797,178C5
3798,178EB
3799,17F3D
3800,17F99
3801,18292
3802,18531
3803,179BF
3804,178F4
3805,17927
3806,17ECD
3807,1796B
3808,17FB6
3809,18540
3810,186B1
3811,170FD
3812,171CC
3813,17424
3814,17422
3815,171CE
3816,1741F
3817,17427
3818,171CB
3819,186C3
3820,17421
3821,17423
3822,1741D
3823,18755
3824,17426
3825,1741E
3826,171D6
3827,171D4
3828,17420
3829,17425
3830,187D9
3831,171CF
3832,171D0
3833,171D9
3834,171CD
3835,171D8
3836,171CA
3837,171D3
3838,171D7
3839,171D1
3840,171D5
3841,171D2
3842,17B46
3843,17B4C
3844,17B4D
3845,17B48
3846,18006
3847,186C4
3848,17B61
3849,18010
3850,18014
3851,18015
3852,18542
3853,182BA
3854,182C0
3855,17B65
3856,17B64
3857,17B4F
3858,18543
3859,182C7
3860,17B53
3861,17B47
3862,17B5A
3863,17B59
3864,182B7
3865,186C5
3866,18013
3867,186C8
3868,18036
3869,18020
3870,17B6B
3871,182A3
3872,18040
3873,1802A
3874,1801D
3875,18034
3876,1802C
3877,18027
3878,186BF
3879,186C7
3880,18028
3881,182A4
3882,1801E
3883,187CF
3884,18029
3885,17B5F
3886,17B5C
3887,1800C
3888,1801C
3889,186C0
3890,182B3
3891,18007
3892,1800B
3893,17428
3894,182B6
3895,18037
3896,17B6C
3897,18039
3898,1803C
3899,1803B
3900,1801F
3901,18021
3902,1803E
3903,182AB
3904,18018
3905,182C2
3906,1801A
3907,182C8
3908,17B50
3909,1800F
3910,18008
3911,18011
3912,17B5E
3913,1800A
3914,182B8
3915,182A5
3916,17B6A
3917,182CC
3918,182A6
3919,182AA
3920,18035
3921,182AC
3922,17B62
3923,18019
3924,17B5B
3925,1800E
3926,1800D
3927,18012
3928,18016
3929,182C3
3930,17B66
3931,17B68
3932,1802E
3933,18026
3934,1802D
3935,1802B
3936,182B1
3937,18758
3938,17429
3939,18757
3940,187A3
3941,187A1
3942,182CE
3943,17B5D
3944,17B55
3945,17B54
3946,1801B
3947,18548
3948,182BE
3949,182B5
3950,18017
3951,182B4
3952,18544
3953,18547
3954,18756
3955,182BD
3956,182C1
3957,187DA
3958,182C6
3959,17B57
3960,18009
3961,17B63
3962,182BF
3963,17B4B
3964,17B58
3965,186C9
3966,18549
3967,18023
3968,1854A
3969,182CB
3970,182C9
3971,187A0
3972,186C6
3973,18022
3974,1803D
3975,182A7
3976,18030
3977,182CA
3978,1802F
3979,17B69
3980,18025
3981,182A8
3982,18041
3983,182AE
3984,182C5
3985,182B9
3986,182BB
3987,182BC
3988,17B6D
3989,17B4A
3990,17B52
3991,17B60
3992,18546
3993,18541
3994,17B56
3995,182C4
3996,18024
3997,187A2
3998,182CD
3999,186CA
4000,18038
4001,182A9
4002,18033
4003,1803A
4004,1803F
4005,18032
4006,182AD
4007,182B0
4008,182B2
4009,17B67
4010,17B51
4011,186C1
4012,17B49
4013,17B4E
4014,18545
4015,186C2
4016,182AF
4017,17E8B
4018,17E89
4019,1788C
4020,1788D
4021,1787F
4022,1868C
4023,173B6
4024,17371
4025,173B5
4026,17372
4027,1736B
4028,17373
4029,1736A
4030,18003
4031,18004
4032,17391
4033,17394
4034,17397
4035,17E8A
4036,17E8D
4037,17888
4038,173BA
4039,17370
4040,1852F
4041,17383
4042,17389
4043,17390
4044,1788A
4045,17880
4046,17396
4047,17E8C
4048,1736C
4049,17369
4050,17368
4051,17393
4052,17392
4053,17388
4054,173B8
4055,17374
4056,18264
4057,1788B
4058,17E8F
4059,17E8E
4060,173B9
4061,17CC2
4062,184EA
4063,181D2
4064,181D3
4065,175D1
4066,175CF
4067,18005
4068,17CC1
4069,175CE
4070,17CBF
4071,181D0
4072,175D2
4073,175D0
4074,17CC0
4075,181D4
4076,181D5
4077,1738F
4078,17384
4079,17387
4080,1738B
4081,17385
4082,1738A
4083,181D1
4084,17889
4085,173B7
4086,1736F
4087,1736E
4088,1736D
4089,1738C
4090,1738E
4091,17386
4092,1738D
4093,177AF
4094,177B3
4095,1768C
4096,1768F
4097,1777C
4098,176A0
4099,17691
4100,176BB
4101,17739
4102,17702
4103,176DC
4104,1777B
4105,177B2
4106,176C3
4107,1771F
4108,17757
4109,176C6
4110,176E4
4111,17749
4112,17744
4113,17752
4114,17753
4115,1779D
4116,17773
4117,17765
4118,1778C
4119,177D2
4120,177AD
4121,1777A
4122,176C4
4123,176E8
4124,176EA
4125,176A2
4126,1771A
4127,1778D
4128,177BB
4129,177AB
4130,177CD
4131,17758
4132,17767
4133,1775C
4134,17721
4135,17794
4136,176E9
4137,177B1
4138,176D7
4139,17779
4140,177AA
4141,177A0
4142,176AD
4143,17683
4144,17684
4145,17699
4146,17687
4147,17743
4148,176A1
4149,1768E
4150,17720
4151,17731
4152,176D1
4153,176BF
4154,17706
4155,176BA
4156,176D0
4157,176A5
4158,17754
4159,176C7
4160,176C0
4161,176E7
4162,176A4
4163,17692
4164,176AC
4165,176AB
4166,17711
4167,176D9
4168,1779C
4169,176F9
4170,176E5
4171,176BD
4172,17689
4173,17694
4174,1769B
4175,17693
4176,176A6
4177,176C5
4178,17701
4179,176DA
4180,176B9
4181,176D8
4182,17741
4183,177CB
4184,17713
4185,1774C
4186,17756
4187,1770B
4188,176E1
4189,1774E
4190,1772F
4191,1771E
4192,1769F
4193,17768
4194,17755
4195,177A8
4196,177A1
4197,177BC
4198,177D6
4199,176BE
4200,17769
4201,17712
4202,1774D
4203,17717
4204,176DB
4205,176A7
4206,17686
4207,1768B
4208,176B4
4209,1769A
4210,17704
4211,176D5
4212,176CB
4213,176C9
4214,1872F
4215,176A8
4216,176C8
4217,176EF
4218,176F6
4219,176B3
4220,1771D
4221,1773A
4222,17795
4223,177CF
4224,176B0
4225,1770D
4226,17726
4227,17705
4228,17790
4229,176B1
4230,17716
4231,17799
4232,17789
4233,177D4
4234,176DF
4235,176E0
4236,17750
4237,1774F
4238,1775E
4239,177D1
4240,177B7
4241,17791
4242,17707
4243,1778E
4244,17715
4245,176DE
4246,176DD
4247,17696
4248,1772C
4249,17766
4250,17760
4251,177B4
4252,176B5
4253,177A3
4254,1773F
4255,177C2
4256,176FE
4257,17759
4258,17782
4259,17783
4260,177BA
4261,177C6
4262,17718
4263,17793
4264,1779A
4265,177BE
4266,1776C
4267,17788
4268,177A4
4269,1777F
4270,17784
4271,177AC
4272,177C8
4273,177C7
4274,18690
4275,17698
4276,17688
4277,17697
4278,1768A
4279,176EE
4280,176CC
4281,17695
4282,176FF
4283,1773D
4284,1777D
4285,1771B
4286,17764
4287,1776E
4288,177BF
4289,177CE
4290,177CC
4291,176FA
4292,17723
4293,1772B
4294,17785
4295,17727
4296,176B6
4297,176A3
4298,177A5
4299,17762
4300,1779F
4301,176F4
4302,176AA
4303,17725
4304,17709
4305,17730
4306,1776B
4307,176CF
4308,17732
4309,17763
4310,176BC
4311,176F8
4312,176F5
4313,17740
4314,177BD
4315,17690
4316,176FB
4317,1778B
4318,176CA
4319,176F2
4320,17729
4321,17761
4322,177A2
4323,177A6
4324,17700
4325,17737
4326,17738
4327,177CA
4328,1776F
4329,17796
4330,1773E
4331,17777
4332,176E2
4333,176C2
4334,176C1
4335,17780
4336,177D0
4337,177C1
4338,17772
4339,177C3
4340,177C5
4341,176E3
4342,1779E
4343,176A9
4344,176F0
4345,176ED
4346,17724
4347,17787
4348,1772A
4349,1771C
4350,1769D
4351,176D4
4352,17771
4353,177A9
4354,1773C
4355,177AE
4356,17748
4357,176CE
4358,177A7
4359,177B8
4360,1778F
4361,176B7
4362,1775D
4363,177B6
4364,177B5
4365,17719
4366,1775B
4367,17775
4368,1773B
4369,1776D
4370,1772E
4371,1772D
4372,17703
4373,176EC
4374,176F7
4375,17736
4376,176CD
4377,17786
4378,17770
4379,1775A
4380,17728
4381,1778A
4382,1775F
4383,17685
4384,176AF
4385,177C0
4386,1770C
4387,17792
4388,177C9
4389,177D3
4390,17751
4391,177C4
4392,17735
4393,1770E
4394,17798
4395,17714
4396,17742
4397,17776
4398,1777E
4399,17781
4400,176D2
4401,17708
4402,17778
4403,17747
4404,176EB
4405,176FC
4406,176D6
4407,17746
4408,17710
4409,176AE
4410,1774B
4411,1768D
4412,176B8
4413,1769C
4414,176D3
4415,1770F
4416,176E6
4417,17734
4418,1776A
4419,17733
4420,177B0
4421,1769E
4422,1779B
4423,1872D
4424,176F1
4425,18732
4426,176B2
4427,1774A
4428,1770A
4429,17722
4430,1868D
4431,18730
4432,18693
4433,184BF
4434,184C8
4435,184C2
4436,184C0
4437,184C4
4438,184C3
4439,18735
4440,17632
4441,1868F
4442,18796
4443,17D0C
4444,184C1
4445,18737
4446,18691
4447,18739
4448,17D0B
4449,18734
4450,17634
4451,17D7A
4452,187CA
4453,1868E
4454,1873A
4455,18733
4456,18D08
4457,18736
4458,17635
4459,17363
4460,17633
4461,18692
4462,18794
4463,184C5
4464,184C6
4465,184C7
4466,1872E
4467,18738
4468,18731
4469,17DB9
4470,17DC2
4471,17DBA
4472,17DB5
4473,17DB3
4474,17DBE
4475,17DB4
4476,17DD5
4477,17DC4
4478,17DB2
4479,17DB1
4480,17DCE
4481,17DB7
4482,17DBB
4483,17DC8
4484,17DBF
4485,17DD6
4486,17DD1
4487,17DD4
4488,17DBD
4489,17DC6
4490,17DC7
4491,17DC3
4492,17DBC
4493,17DCD
4494,17DCC
4495,17DCF
4496,17DB6
4497,17DC1
4498,17DB8
4499,17DD0
4500,17DC0
4501,17DC9
4502,17DC5
4503,1872C
4504,1872B
4505,1711D
4506,17128
4507,1701A
4508,17807
4509,1780E
4510,17E22
4511,17812
4512,17850
4513,17844
4514,1782C
4515,1824F
4516,17022
4517,17845
4518,1784E
4519,1781C
4520,1782A
4521,17848
4522,1825C
4523,17843
4524,17120
4525,17885
4526,17E84
4527,17126
4528,1711F
4529,17121
4530,17806
4531,17859
4532,17835
4533,1782D
4534,1782B
4535,17849
4536,17124
4537,1701B
4538,17123
4539,1711E
4540,1784A
4541,1781D
4542,17829
4543,17809
4544,17122
4545,17828
4546,17857
4547,17808
4548,17023
4549,17127
4550,17125
4551,17810
4552,17811
4553,17840
4554,186A0
4555,184FC
4556,184FD
4557,18505
4558,177D7
4559,171C4
4560,171C5
4561,186A6
4562,18258
4563,17813
4564,1783F
4565,186A1
4566,18249
4567,177DB
4568,17814
4569,1785A
4570,18259
4571,1781F
4572,1781E
4573,1824D
4574,18251
4575,18252
4576,1784F
4577,17851
4578,17E85
4579,186A5
4580,1780D
4581,17824
4582,17826
4583,17832
4584,17839
4585,1780C
4586,17804
4587,18250
4588,1825B
4589,17827
4590,18257
4591,17886
4592,17837
4593,1784B
4594,17887
4595,1825D
4596,17805
4597,1783B
4598,17852
4599,17856
4600,17854
4601,1825E
4602,1824B
4603,17803
4604,1781A
4605,1783A
4606,17833
4607,1824C
4608,1780F
4609,17884
4610,17847
4611,1782E
4612,17838
4613,1783D
4614,17855
4615,1783E
4616,1783C
4617,1781B
4618,17842
4619,17841
4620,1785D
4621,1780B
4622,1784D
4623,17834
4624,17E24
4625,18694
4626,18254
4627,18504
4628,18509
4629,184FB
4630,186BB
4631,18500
4632,18508
4633,177D9
4634,187CE
4635,17817
4636,17822
4637,1785C
4638,17836
4639,17858
4640,1824E
4641,1825A
4642,1780A
4643,17816
4644,17820
4645,18255
4646,18256
4647,1785B
4648,171C3
4649,17815
4650,17819
4651,17825
4652,17846
4653,1782F
4654,186A7
4655,18253
4656,17853
4657,17831
4658,17830
4659,184FF
4660,184FE
4661,18501
4662,18502
4663,18507
4664,177DE
4665,187CD
4666,1824A
4667,17823
4668,17818
4669,17821
4670,18503
4671,186A4
4672,18763
4673,1748A
4674,186CD
4675,18350
4676,1742E
4677,1804F
4678,1745E
4679,1859E
4680,185AD
4681,17434
4682,17BE7
4683,17477
4684,17449
4685,17479
4686,174F7
4687,174FB
4688,185B7
4689,171DD
4690,1745C
4691,174D0
4692,174C3
4693,174F0
4694,17458
4695,174AB
4696,174A8
4697,17525
4698,17523
4699,17538
4700,1752B
4701,1751F
4702,17533
4703,1752D
4704,18054
4705,185B4
4706,174D7
4707,17488
4708,174A2
4709,1747C
4710,174FD
4711,17516
4712,17534
4713,17BE8
4714,1838F
4715,1859D
4716,185C7
4717,185B1
4718,174DB
4719,1742F
4720,17436
4721,1744B
4722,174AC
4723,17453
4724,174A0
4725,1747B
4726,17514
4727,174A3
4728,17445
4729,174C8
4730,17507
4731,174AD
4732,17520
4733,174D6
4734,1838E
4735,185C1
4736,174F3
4737,174DA
4738,185A3
4739,1745D
4740,17471
4741,180D9
4742,17B45
4743,1835D
4744,17441
4745,185BE
4746,174C0
4747,17B41
4748,17B3B
4749,17B40
4750,17448
4751,17457
4752,174AA
4753,17466
4754,174DC
4755,185A4
4756,17B39
4757,17B44
4758,17475
4759,1744A
4760,17439
4761,1742D
4762,174D3
4763,1748B
4764,1859F
4765,17B38
4766,18056
4767,17478
4768,17452
4769,17470
4770,17B37
4771,17B3F
4772,17B3C
4773,17B3E
4774,17B43
4775,1742A
4776,174D9
4777,187A7
4778,174B9
4779,18588
4780,185A0
4781,185C5
4782,17B42
4783,17515
4784,174D8
4785,17510
4786,1750F
4787,185A9
4788,17450
4789,1747A
4790,174F2
4791,174BB
4792,174EA
4793,17B3A
4794,1743A
4795,1742B
4796,1745B
4797,1875E
4798,17451
4799,1746C
4800,17511
4801,174BA
4802,18392
4803,17435
4804,17438
4805,17476
4806,1747D
4807,174AF
4808,174BC
4809,174E9
4810,174CF
4811,1749B
4812,18052
4813,185AA
4814,185AF
4815,185BC
4816,185BD
4817,185B9
4818,17456
4819,17446
4820,17447
4821,1751C
4822,174A1
4823,174AE
4824,174ED
4825,174BE
4826,174CD
4827,18390
4828,17494
4829,1752F
4830,17517
4831,17454
4832,174D4
4833,1751A
4834,17530
4835,17539
4836,174A7
4837,17493
4838,174F4
4839,17506
4840,17527
4841,185D0
4842,17430
4843,17437
4844,1749D
4845,174BF
4846,185AE
4847,174FC
4848,17459
4849,174A9
4850,174CE
4851,17504
4852,1753E
4853,1745A
4854,1746D
4855,180AA
4856,171DB
4857,1743B
4858,1743C
4859,186F5
4860,18458
4861,18768
4862,17484
4863,17464
4864,174E4
4865,17433
4866,1744C
4867,17485
4868,17469
4869,174C9
4870,17492
4871,18457
4872,17BE6
4873,18587
4874,187A4
4875,18050
4876,1838B
4877,185A5
4878,185CD
4879,185B6
4880,185CA
4881,186D6
4882,187DB
4883,1753B
4884,17431
4885,17496
4886,17465
4887,17480
4888,17502
4889,18386
4890,1838D
4891,185A6
4892,1752A
4893,174E2
4894,17518
4895,17495
4896,17528
4897,185A8
4898,185CC
4899,17524
4900,17529
4901,1746E
4902,1747E
4903,174B3
4904,17526
4905,174B7
4906,1751B
4907,17522
4908,185AB
4909,185BA
4910,174DD
4911,18055
4912,1838A
4913,174FF
4914,174F9
4915,17521
4916,1753C
4917,185C6
4918,1751E
4919,185C4
4920,174B5
4921,1743E
4922,174E6
4923,174A5
4924,1747F
4925,17487
4926,17468
4927,174F5
4928,18387
4929,18388
4930,185A2
4931,17440
4932,174B0
4933,1742C
4934,174DF
4935,185A7
4936,17508
4937,174E5
4938,174E7
4939,1743F
4940,17491
4941,17467
4942,1744E
4943,17463
4944,174E3
4945,17512
4946,18586
4947,171DA
4948,186D9
4949,174B8
4950,17460
4951,17483
4952,17519
4953,17501
4954,17455
4955,1748C
4956,1750C
4957,174FA
4958,1752E
4959,17503
4960,174EB
4961,17513
4962,1752C
4963,17535
4964,18051
4965,18053
4966,185C3
4967,185C9
4968,174C7
4969,174B6
4970,1749C
4971,174B1
4972,174B2
4973,17481
4974,17473
4975,174A6
4976,174D1
4977,174D2
4978,174F1
4979,1750B
4980,17472
4981,17509
4982,174EC
4983,18391
4984,17532
4985,1744F
4986,1750D
4987,174D5
4988,174B4
4989,1745F
4990,174FE
4991,1753A
4992,1749F
4993,174C2
4994,17537
4995,187EA
4996,185B8
4997,185CF
4998,17536
4999,185CB
5000,185B3
5001,1744D
5002,17461
5003,17486
5004,174A4
5005,174BD
5006,174F6
5007,1746F
5008,185CE
5009,18389
5010,185C2
5011,174CA
5012,174DE
5013,185BB
5014,171DC
5015,1859C
5016,174F8
5017,185C8
5018,1749E
5019,185B5
5020,1751D
5021,17505
5022,17531
5023,1838C
5024,174C6
5025,174EE
5026,174C1
5027,174EF
5028,174E8
5029,1750A
5030,17490
5031,1746B
5032,174CC
5033,185BF
5034,1743D
5035,1749A
5036,186DC
5037,187DE
5038,17442
5039,174C4
5040,174C5
5041,185B0
5042,17432
5043,1748D
5044,17489
5045,1746A
5046,185AC
5047,185C0
5048,1748E
5049,17500
5050,174E1
5051,17482
5052,174E0
5053,185E4
5054,17444
5055,17443
5056,17497
5057,17498
5058,17499
5059,17474
5060,174CB
5061,1750E
5062,17DAD
5063,1834F
5064,18057
5065,18374
5066,17B84
5067,180E4
5068,17541
5069,18060
5070,1806E
5071,180DD
5072,180E8
5073,18376
5074,18377
5075,17B8C
5076,17B8E
5077,17B92
5078,17B95
5079,1806D
5080,18070
5081,1837C
5082,1837D
5083,186F2
5084,17B83
5085,18068
5086,180E7
5087,17B74
5088,18329
5089,1832C
5090,18336
5091,1855C
5092,1834A
5093,18579
5094,186E1
5095,17B77
5096,1833B
5097,18352
5098,185DC
5099,17B9E
5100,17B9F
5101,17BA8
5102,17BB3
5103,17BB2
5104,17BA9
5105,17BBA
5106,17BC7
5107,17BBF
5108,17BB9
5109,17BC2
5110,17BCA
5111,17BC5
5112,17B7F
5113,180E1
5114,17B8B
5115,17B87
5116,1805A
5117,1854F
5118,18367
5119,17B7A
5120,17B7C
5121,180CB
5122,180E9
5123,18364
5124,1832B
5125,18335
5126,187A9
5127,1854C
5128,186D0
5129,1832D
5130,186E5
5131,185D3
5132,1835A
5133,17B75
5134,18383
5135,186CE
5136,180CA
5137,186F3
5138,186F4
5139,18583
5140,1806B
5141,18333
5142,18349
5143,1855B
5144,182FE
5145,18358
5146,185D2
5147,182FF
5148,1854B
5149,180E0
5150,17B90
5151,18334
5152,1833A
5153,1753D
5154,18353
5155,18071
5156,183A7
5157,183AB
5158,183C6
5159,183C2
5160,183BF
5161,18584
5162,18596
5163,1876A
5164,18759
5165,17BE9
5166,17BEA
5167,17C06
5168,18047
5169,183AD
5170,183C8
5171,183CB
5172,18449
5173,18597
5174,17BE1
5175,18046
5176,17C01
5177,183E2
5178,1841A
5179,186FB
5180,1804A
5181,17C0A
5182,182EA
5183,183E6
5184,18415
5185,17BFC
5186,17C03
5187,17C04
5188,18448
5189,182F0
5190,182F5
5191,180D6
5192,18402
5193,18590
5194,18582
5195,182D6
5196,186E7
5197,17BE0
5198,17BE5
5199,183C4
5200,18082
5201,182DA
5202,186DA
5203,187EC
5204,1839C
5205,187EB
5206,18432
5207,180B9
5208,18405
5209,18447
5210,186DE
5211,186F7
5212,183AE
5213,18442
5214,182D2
5215,180AB
5216,18401
5217,18418
5218,183C9
5219,1876B
5220,183B0
5221,183E4
5222,18368
5223,186F6
5224,18393
5225,18081
5226,18404
5227,182DB
5228,180C8
5229,18439
5230,18594
5231,1844A
5232,18598
5233,18400
5234,1836D
5235,182F4
5236,183AF
5237,183B1
5238,17C09
5239,17BEB
5240,17BFB
5241,183AC
5242,18398
5243,18080
5244,182F8
5245,1842A
5246,183C3
5247,183E1
5248,1836B
5249,18599
5250,18567
5251,185E2
5252,185DD
5253,1856A
5254,18078
5255,185E5
5256,17B76
5257,18328
5258,1835E
5259,186EB
5260,17B8D
5261,180EB
5262,186D2
5263,18347
5264,186E2
5265,1832E
5266,1834C
5267,18351
5268,17BA4
5269,17BAC
5270,17BCF
5271,17BA0
5272,17BAB
5273,17BB0
5274,17BB8
5275,17BBE
5276,17BC3
5277,17BC0
5278,17BBB
5279,17BC9
5280,1856E
5281,1856F
5282,1856C
5283,17B7D
5284,18058
5285,180DE
5286,18375
5287,18585
5288,186EE
5289,18075
5290,18379
5291,17B93
5292,18076
5293,17B89
5294,17540
5295,17B72
5296,1832F
5297,182FA
5298,180CD
5299,183A2
5300,183A4
5301,182CF
5302,18433
5303,180B6
5304,183C0
5305,186DF
5306,182E8
5307,183D0
5308,183B6
5309,187DD
5310,1804D
5311,18372
5312,18430
5313,183B4
5314,18042
5315,1807B
5316,180D2
5317,183CF
5318,183EF
5319,186DB
5320,186F8
5321,183EE
5322,183E7
5323,183FD
5324,18771
5325,17BEC
5326,17BF5
5327,17BF0
5328,180BA
5329,180BF
5330,183E5
5331,17C0C
5332,17C00
5333,183CE
5334,18419
5335,18431
5336,18444
5337,18396
5338,18395
5339,1841D
5340,1839B
5341,1842F
5342,182F9
5343,183ED
5344,180B8
5345,1859B
5346,18564
5347,186EA
5348,18568
5349,185DE
5350,18079
5351,17B8F
5352,180EC
5353,180ED
5354,1833D
5355,18760
5356,187AA
5357,17BA6
5358,17BA5
5359,17B9D
5360,17BAA
5361,17BCD
5362,17BCB
5363,18062
5364,180E2
5365,18361
5366,18337
5367,1855E
5368,187AB
5369,185DA
5370,180CE
5371,183B8
5372,183D4
5373,18407
5374,1858F
5375,182EB
5376,18595
5377,18420
5378,18440
5379,18421
5380,183A9
5381,182E7
5382,1858A
5383,183D3
5384,183B7
5385,18394
5386,17BDF
5387,1807C
5388,180AF
5389,183D5
5390,183D2
5391,183F1
5392,183F0
5393,183D1
5394,180D1
5395,1858E
5396,183CA
5397,183E9
5398,17C0E
5399,17BF4
5400,186E8
5401,182D8
5402,18589
5403,180D3
5404,18406
5405,17BF6
5406,17BFD
5407,185E3
5408,1859A
5409,186DD
5410,18764
5411,180DA
5412,1753F
5413,17B6E
5414,17B85
5415,17B80
5416,1805E
5417,180DB
5418,180E5
5419,1805F
5420,1837F
5421,17B82
5422,1806F
5423,18578
5424,1875F
5425,187A8
5426,1833E
5427,1857D
5428,18301
5429,185D7
5430,185DB
5431,17B9C
5432,17BA3
5433,17BDE
5434,183A6
5435,183B3
5436,187AF
5437,187DC
5438,17C0B
5439,182D0
5440,182ED
5441,1836F
5442,183F8
5443,18413
5444,182D4
5445,18411
5446,17BE4
5447,182E9
5448,183C1
5449,1840F
5450,1841F
5451,18772
5452,183C7
5453,186FA
5454,18399
5455,183E3
5456,1840E
5457,183E0
5458,1876D
5459,1843F
5460,183FF
5461,1843A
5462,18061
5463,18348
5464,185D5
5465,18072
5466,186F1
5467,180DF
5468,18074
5469,1857C
5470,18356
5471,17B6F
5472,183DB
5473,18455
5474,183EB
5475,1843D
5476,1843B
5477,18450
5478,183FE
5479,182DC
5480,180C0
5481,1842C
5482,1843E
5483,18438
5484,1843C
5485,18453
5486,18417
5487,1842D
5488,180B7
5489,183FB
5490,17D9E
5491,17DA1
5492,17DAF
5493,187D1
5494,187D2
5495,187D0
5496,17B97
5497,18063
5498,18366
5499,1837A
5500,186E6
5501,17542
5502,18344
5503,1857A
5504,18342
5505,186E3
5506,1834D
5507,182FD
5508,18300
5509,17B9A
5510,17BA1
5511,17B9B
5512,17BB7
5513,17BB5
5514,17BBD
5515,17BB6
5516,17BC8
5517,17BC4
5518,17BCE
5519,17BA2
5520,17BC6
5521,17BCC
5522,17B7B
5523,180DC
5524,17B7E
5525,1805B
5526,18067
5527,18380
5528,17B79
5529,17B96
5530,17B99
5531,18373
5532,17B81
5533,1835F
5534,18381
5535,1806C
5536,18365
5537,18327
5538,1832A
5539,18331
5540,18343
5541,18562
5542,186D5
5543,1856B
5544,186E4
5545,182FC
5546,17B98
5547,17B88
5548,1804E
5549,18064
5550,180EE
5551,186EF
5552,186F0
5553,1837E
5554,1854E
5555,1805D
5556,18065
5557,17B71
5558,18338
5559,18332
5560,18340
5561,1834B
5562,18346
5563,1833C
5564,18561
5565,1857B
5566,18354
5567,1856D
5568,185D9
5569,185D6
5570,180C9
5571,18360
5572,1805C
5573,18066
5574,180E3
5575,18339
5576,186E9
5577,1833F
5578,186D4
5579,18378
5580,182F6
5581,183BB
5582,183D9
5583,183F9
5584,18428
5585,18434
5586,18436
5587,180BB
5588,17BEF
5589,180C5
5590,1836A
5591,183A8
5592,183EC
5593,1876F
5594,18767
5595,17C02
5596,182D3
5597,17C05
5598,182F3
5599,180B1
5600,180BC
5601,1840D
5602,1839A
5603,183A0
5604,18766
5605,180C1
5606,180C7
5607,18429
5608,18422
5609,182E5
5610,182EC
5611,183A3
5612,183AA
5613,183B5
5614,1876E
5615,18765
5616,1807D
5617,182E6
5618,1858D
5619,1858C
5620,183DF
5621,183B2
5622,18770
5623,17C07
5624,1804B
5625,17BEE
5626,17BF2
5627,182F2
5628,18410
5629,17C08
5630,17C0D
5631,18445
5632,182F1
5633,183A5
5634,18370
5635,182D7
5636,187A5
5637,187A6
5638,183DC
5639,1841E
5640,18043
5641,180CF
5642,180C6
5643,18591
5644,183BE
5645,183DA
5646,183FC
5647,18427
5648,18435
5649,18446
5650,182EF
5651,182F7
5652,180AE
5653,183CD
5654,183EA
5655,183E8
5656,186ED
5657,17BF3
5658,17BFA
5659,17BFF
5660,1807F
5661,182D5
5662,18452
5663,18451
5664,17BFE
5665,18048
5666,18083
5667,18397
5668,183A1
5669,180C4
5670,180AC
5671,183BC
5672,183DD
5673,186D8
5674,18045
5675,180AD
5676,183CC
5677,180B4
5678,180BE
5679,182D1
5680,182D9
5681,180D7
5682,18437
5683,18412
5684,180B2
5685,183DE
5686,183BD
5687,186EC
5688,18563
5689,185E0
5690,1807A
5691,18077
5692,17B94
5693,18384
5694,180E6
5695,18341
5696,1855D
5697,18560
5698,187AC
5699,18359
5700,17BAE
5701,17BAF
5702,17BB4
5703,17BBC
5704,17BB1
5705,17BC1
5706,17B8A
5707,18330
5708,182FB
5709,186CF
5710,17B86
5711,180CC
5712,180EA
5713,18069
5714,1837B
5715,18363
5716,17B73
5717,187AD
5718,185D8
5719,185D4
5720,18357
5721,1806A
5722,1807E
5723,18049
5724,1840B
5725,180C2
5726,1844C
5727,1841B
5728,183F6
5729,18426
5730,18456
5731,1839E
5732,18454
5733,18592
5734,180BD
5735,183B9
5736,183D8
5737,18424
5738,17BF8
5739,17BED
5740,180B5
5741,18369
5742,183F2
5743,187AE
5744,18423
5745,18593
5746,17BE2
5747,180B0
5748,1836C
5749,1836E
5750,183D7
5751,183F7
5752,1858B
5753,186F9
5754,17BF9
5755,182EE
5756,180D4
5757,180B3
5758,18408
5759,183F5
5760,1840A
5761,187B0
5762,17BF7
5763,1840C
5764,18425
5765,18416
5766,1839F
5767,1839D
5768,180C3
5769,1842B
5770,1844D
5771,18414
5772,1844F
5773,18565
5774,186CC
5775,185E1
5776,185DF
5777,18569
5778,187DF
5779,187E9
5780,17BA7
5781,17BAD
5782,18059
5783,18073
5784,18362
5785,1855F
5786,1834E
5787,187E8
5788,183F4
5789,186D7
5790,183F3
5791,18409
5792,180D5
5793,17BF1
5794,187E7
5795,18773
5796,183FA
5797,18441
5798,18044
5799,180D0
5800,183D6
5801,1876C
5802,183BA
5803,186CB
5804,17548
5805,17B78
5806,18302
5807,182DD
5808,17547
5809,17546
5810,18322
5811,17544
5812,17545
5813,17543
5814,18570
5815,18086
5816,17549
5817,1875A
5818,18303
5819,1831B
5820,18551
5821,18308
5822,18315
5823,18317
5824,18316
5825,182DF
5826,18321
5827,18311
5828,1831E
5829,18319
5830,186D3
5831,18085
5832,1819C
5833,184AD
5834,17BD7
5835,1722D
5836,175E4
5837,1722F
5838,17235
5839,175E8
5840,175EA
5841,17BD6
5842,17BDD
5843,18571
5844,186E0
5845,175E3
5846,1722E
5847,175E9
5848,17BD1
5849,1808B
5850,180A3
5851,1857E
5852,180A9
5853,180A1
5854,17BD3
5855,1809A
5856,1857F
5857,1808A
5858,1808D
5859,17CD1
5860,1808C
5861,17CD6
5862,17DAA
5863,1831F
5864,18305
5865,18555
5866,18309
5867,18318
5868,18310
5869,184AE
5870,18196
5871,184AB
5872,1866B
5873,18573
5874,17BD4
5875,175E5
5876,18572
5877,18093
5878,1808F
5879,18580
5880,17CD2
5881,1808E
5882,1809C
5883,18091
5884,18092
5885,180A0
5886,1875B
5887,1855A
5888,1830A
5889,18550
5890,18552
5891,18312
5892,184AF
5893,17BDC
5894,18574
5895,17BD8
5896,17238
5897,18575
5898,18576
5899,18090
5900,18089
5901,18094
5902,1809D
5903,1830D
5904,1875C
5905,1830E
5906,182E2
5907,182E4
5908,18320
5909,18198
5910,175E7
5911,17232
5912,17BDB
5913,17231
5914,18088
5915,18087
5916,180A6
5917,1830F
5918,17236
5919,1809B
5920,18559
5921,182DE
5922,18304
5923,18554
5924,18306
5925,18558
5926,1830B
5927,18313
5928,18314
5929,1831A
5930,18557
5931,18553
5932,182E0
5933,17CBE
5934,18199
5935,18084
5936,184B4
5937,18197
5938,1819A
5939,184B3
5940,184B5
5941,18324
5942,18323
5943,18326
5944,177DA
5945,17C11
5946,17BD5
5947,18761
5948,1722B
5949,175EC
5950,175E6
5951,1722C
5952,1723A
5953,175EE
5954,18577
5955,17229
5956,17237
5957,175EB
5958,17233
5959,18097
5960,180A2
5961,180A8
5962,17BD0
5963,18099
5964,17BD2
5965,18098
5966,18095
5967,17CD5
5968,180A5
5969,18581
5970,1831C
5971,182E1
5972,182E3
5973,1830C
5974,18556
5975,1819B
5976,184AC
5977,184B0
5978,184B2
5979,18325
5980,17BDA
5981,1722A
5982,17230
5983,18762
5984,175ED
5985,17239
5986,18096
5987,1809E
5988,17CD4
5989,1809F
5990,18307
5991,184B1
5992,17234
5993,180A4
5994,17CD3
5995,1710C
5996,17118
5997,1710F
5998,17119
5999,17D2F
6000,17102
6001,1710D
6002,17103
6003,17106
6004,17105
6005,17117
6006,1711A
6007,18171
6008,175B9
6009,17246
6010,1815B
6011,17CD9
6012,17D91
6013,17607
6014,17E46
6015,1817C
6016,18154
6017,18160
6018,171F6
6019,18136
6020,17C15
6021,17D96
6022,18176
6023,175CB
6024,17302
6025,17311
6026,172F6
6027,17AB6
6028,18722
6029,18725
6030,186BC
6031,172A4
6032,17FBC
6033,17EE5
6034,18723
6035,17F81
6036,172B3
6037,17F27
6038,1732B
6039,17310
6040,17EF9
6041,17AF0
6042,18720
6043,1731F
6044,17A11
6045,17A3D
6046,17EC3
6047,17395
6048,177D5
6049,17774
6050,17797
6051,18795
6052,17DD7
6053,17DD3
6054,17DCA
6055,1748F
6056,1835C
6057,185D1
6058,18355
6059,180D8
6060,18345
6061,1804C
6062,18371
6063,1841C
6064,18774
6065,1842E
6066,1835B
6067,1854D
6068,186D1
6069,1844E
6070,17BE3
6071,1844B
6072,1831D
6073,17BD9
6074,180A7
